,City,Lat,Lng,Max Temp,Humidity,Cloudiness,Wind Speed,Country,Date
0,Road Town,18.4167,-64.6167,82.72,74,12,14.88,VG,1663050436
1,Tasiilaq,65.6145,-37.6368,39.36,87,51,8.12,GL,1663050519
2,Verkhotur'ye,58.8627,60.8054,56.77,54,67,5.68,RU,1663050522
3,Pevek,69.7008,170.3133,35.85,87,100,5.48,RU,1663050524
4,Bluff,-46.6,168.3333,41.52,62,97,23.26,NZ,1663050526
5,wulanhaote,,,,,,,,
6,Saint-Philippe,-21.3585,55.7679,76.59,61,29,7.49,RE,1663050529
7,Saint Paul Harbor,57.79,-152.4072,53.11,71,20,3.44,US,1663050531
8,Jamestown,42.097,-79.2353,59.02,76,75,1.01,US,1663050534
9,Soyo,-6.1349,12.3689,73.81,82,84,7.07,AO,1663050536
10,taolanaro,,,,,,,,
11,Albany,42.6001,-73.9662,69.22,94,100,0.89,US,1663050356
12,illoqqortoormiut,,,,,,,,
13,Atuona,-9.8,-139.0333,76.59,73,4,15.93,PF,1663050541
14,Yakima,46.4665,-120.6678,65.7,82,0,5.75,US,1663050398
15,Arraial do Cabo,-22.9661,-42.0278,67.73,92,98,21.97,BR,1663050545
16,Bredasdorp,-34.5322,20.0403,53.15,71,13,4.99,ZA,1663050548
17,Cape Town,-33.9258,18.4232,60.91,77,0,12.66,ZA,1663050257
18,Geraldton,-28.7667,114.6,66.61,63,75,24.16,AU,1663050552
19,Ca Mau,9.1769,105.15,87.67,64,51,5.84,VN,1663050413
20,Ulaanbaatar,47.9077,106.8832,84.33,14,40,11.18,MN,1663050305
21,Esperance,-33.8667,121.9,66.04,49,75,24.18,AU,1663050559
22,Ushuaia,-54.8,-68.3,42.46,52,20,12.66,AR,1663050562
23,Mataura,-46.1927,168.8643,36.77,98,99,7.76,NZ,1663050564
24,Maturin,9.75,-63.1767,72.68,98,70,3.51,VE,1663050567
25,Barrow,71.2906,-156.7887,35.62,93,100,19.57,US,1663050569
26,Hilo,19.7297,-155.09,76.28,92,100,6.91,US,1663050322
27,East London,-33.0153,27.9116,58.14,62,0,6.91,ZA,1663050574
28,Hermanus,-34.4187,19.2345,51.8,75,23,8.5,ZA,1663050576
29,Hirara,24.8,125.2833,80.87,89,75,25.32,JP,1663050579
30,Amapá,1,-52,69.8,99,17,1.61,BR,1663050581
31,Rikitea,-23.1203,-134.9692,72.99,70,68,2.33,PF,1663050584
32,Ihosy,-22.4,46.1167,71.51,46,7,5.46,MG,1663050586
33,Stephenville,32.2207,-98.2023,70.59,66,33,1.01,US,1663050515
34,Airai,-8.9266,125.4092,79.2,34,50,5.88,TL,1663050591
35,Tianpeng,30.9866,103.9393,80.64,62,93,3.6,CN,1663050593
36,Nosy Varika,-20.5833,48.5333,72.09,67,7,6.08,MG,1663050596
37,Cherskiy,68.75,161.3,37.58,96,100,8.1,RU,1663050598
38,Husavik,66.0449,-17.3389,47.79,84,84,1.97,IS,1663050601
39,Nanortalik,60.1432,-45.2371,41.94,92,30,5.41,GL,1663050603
40,mys shmidta,,,,,,,,
41,Hithadhoo,-0.6,73.0833,82.08,69,11,5.37,MV,1663050606
42,Agua Dulce,18.1333,-94.1333,74.59,94,100,7.61,MX,1663050608
43,Teya,60.3778,92.6267,43.95,80,100,8.05,RU,1663050611
44,Puerto Ayora,-0.7393,-90.3518,64.54,99,98,4,EC,1663050613
45,samusu,,,,,,,,
46,Manaus,-3.1019,-60.025,73.9,94,40,5.75,BR,1663050609
47,Saint George,37.1041,-113.5841,76.24,61,40,9.22,US,1663050618
48,Hasaki,35.7333,140.8333,86.29,85,100,8.88,JP,1663050620
49,Banda Aceh,5.5577,95.3222,86.29,63,100,15.46,ID,1663050623
50,Sanmenxia,34.7747,111.1814,84.74,37,0,13.82,CN,1663050625
51,Busselton,-33.65,115.3333,55.17,81,100,24.67,AU,1663050628
52,gurskoye,,,,,,,,
53,Provideniya,64.3833,-173.3,46.67,95,100,8.28,RU,1663050630
54,barentsburg,,,,,,,,
55,Bilibino,68.0546,166.4372,39.58,84,100,3.44,RU,1663050633
56,Port Lincoln,-34.7333,135.8667,60.46,74,6,13,AU,1663050636
57,saldanha,,,,,,,,
58,Punta Arenas,-53.15,-70.9167,30.31,86,0,4.61,CL,1663050613
59,Omsukchan,62.5333,155.8,35.65,89,100,5.08,RU,1663050640
60,Rome,43.2128,-75.4557,68.95,96,100,1.01,US,1663050415
61,Khatanga,71.9667,102.5,41.56,53,98,11.63,RU,1663050645
62,Ulaangom,49.9811,92.0667,61,35,100,7.65,MN,1663050647
63,Kalach-na-Donu,48.691,43.5264,58.95,63,100,19.42,RU,1663050650
64,Kapaa,22.0752,-159.319,80.58,84,40,12.66,US,1663050652
65,Haines Junction,60.7522,-137.5108,37.35,87,99,1.14,CA,1663050655
66,Belyy Yar,53.6039,91.3903,53.49,54,40,6.71,RU,1663050657
67,Treinta y Tres,-33.2333,-54.3833,48.16,96,2,6.02,UY,1663050660
68,Tuktoyaktuk,69.4541,-133.0374,35.58,84,85,15.5,CA,1663050662
69,Baruun-Urt,46.6806,113.2792,83.07,16,67,9.84,MN,1663050665
70,Qaanaaq,77.484,-69.3632,34.36,90,100,5.32,GL,1663050667
71,Avarua,-21.2078,-159.775,75.25,78,40,8.05,CK,1663050669
72,bolungarvik,,,,,,,,
73,Sitka,57.0531,-135.33,55.29,76,40,0,US,1663050672
74,Vaini,-21.2,-175.2,77.16,88,20,6.91,TO,1663050491
75,George Town,5.4112,100.3354,89.53,80,40,8.05,MY,1663050648
76,Bethel,41.3712,-73.414,71.69,89,100,3.44,US,1663050679
77,Jiuquan,39.7432,98.5174,82.42,23,95,4.25,CN,1663050681
78,Mangan,27.5167,88.5333,78.71,86,93,3.36,IN,1663050684
79,Tiksi,71.6872,128.8694,40.66,73,87,12.59,RU,1663050686
80,Port Hardy,50.6996,-127.4199,59.18,88,100,3.44,CA,1663050558
81,Lososina,48.9975,140.3106,50.97,77,100,18.97,RU,1663050691
82,Port Alfred,-33.5906,26.891,59.18,72,13,5.01,ZA,1663050449
83,Kapit,2.0167,112.9333,88.99,60,20,2.62,MY,1663050696
84,Meulaboh,4.1363,96.1285,84.76,66,100,7.45,ID,1663050698
85,Port Blair,11.6667,92.75,86.04,70,40,10.36,IN,1663050612
86,Cidreira,-30.1811,-50.2056,57.81,95,14,9.55,BR,1663050703
87,Aklavik,68.2191,-135.0107,40.96,86,33,5.7,CA,1663050705
88,Cristóbal Obregón,16.35,-93.5333,66.69,99,95,1.83,MX,1663050708
89,artyk,,,,,,,,
90,Kushima,31.4583,131.2333,80.96,88,100,11.1,JP,1663050710
91,Saint-Louis,16.3333,-15,79.66,80,100,10.51,SN,1663050713
92,Ilulissat,69.2167,-51.1,46.42,81,100,10.36,GL,1663050715
93,Iranshahr,27.2025,60.6848,98.94,26,0,4.61,IR,1663050676
94,Isangel,-19.55,169.2667,80.71,78,40,4.61,VU,1663050719
95,Carnarvon,-24.8667,113.6333,69.57,55,1,19.51,AU,1663050722
96,Tual,-5.6667,132.75,82.29,77,100,14.27,ID,1663050725
97,Ketchikan,55.3422,-131.6461,52.27,82,0,4.61,US,1663050727
98,thirion,,,,,,,,
99,Fortuna,40.5982,-124.1573,55.98,93,100,3.44,US,1663050730
100,Goderich,43.7501,-81.7165,62.92,67,8,6.91,CA,1663050732
101,Saint-Augustin,51.226,-58.6502,53.22,82,0,5.88,CA,1663050734
102,Zhangjiakou,40.81,114.8794,82.22,39,0,10.56,CN,1663050737
103,Madanapalle,13.55,78.5,84.4,53,48,14,IN,1663050739
104,Bambous Virieux,-20.3428,57.7575,77.25,61,75,13.8,MU,1663050742
105,Grindavik,63.8424,-22.4338,49.95,87,75,8.05,IS,1663050744
106,belushya guba,,,,,,,,
107,sentyabrskiy,,,,,,,,
108,Acarí,-15.4311,-74.6158,60.51,82,59,4.59,PE,1663050747
109,New Norfolk,-42.7826,147.0587,53.89,54,87,1.01,AU,1663050750
110,Pisco,-13.7,-76.2167,60.85,77,100,2.3,PE,1663050752
111,Brigantine,39.4101,-74.3646,75.99,94,20,3.44,US,1663050754
112,Ville-Marie,47.3335,-79.433,60.03,99,100,2.8,CA,1663050757
113,borzya,,,,,,,,
114,Muros,42.7762,-9.0603,67.68,93,100,15.57,ES,1663050738
115,Eureka,40.8021,-124.1637,56.25,92,3,3.49,US,1663050761
116,Mar del Plata,-38.0023,-57.5575,48.87,84,0,4,AR,1663050764
117,Nikolskoye,59.7035,30.7861,55.87,80,100,5.3,RU,1663050766
118,Inhambane,-23.865,35.3833,76.98,73,40,6.91,MZ,1663050769
119,Iqaluit,63.7506,-68.5145,38.93,100,100,5.75,CA,1663050612
120,Valle d'Aosta,45.7667,7.4167,58.62,66,100,0,IT,1663050773
121,Vestmannaeyjar,63.4427,-20.2734,49.95,83,100,14.43,IS,1663050776
122,Bolivar,37.6145,-93.4105,64,69,0,8.48,US,1663050778
123,Suceviţa,47.7833,25.7167,51.96,91,100,6.46,RO,1663050781
124,Qasigiannguit,68.8193,-51.1922,46.65,90,100,6.06,GL,1663050783
125,Dikson,73.5069,80.5464,38.64,68,100,20.94,RU,1663050786
126,Salalah,17.0151,54.0924,82.49,83,100,5.75,OM,1663050497
127,Port Elizabeth,-33.918,25.5701,60.31,64,20,14,ZA,1663050790
128,Maniitsoq,65.4167,-52.9,42.85,87,98,9.51,GL,1663050793
129,Kavieng,-2.5744,150.7967,84.58,65,28,12.39,PG,1663050796
130,Dudinka,69.4058,86.1778,38.93,78,100,12.77,RU,1663050798
131,Chara,56.9064,118.2631,52.65,73,100,10.29,RU,1663050801
132,Thompson,55.7435,-97.8558,37.56,87,20,3.44,CA,1663050629
133,Hambantota,6.1241,81.1185,93.54,59,75,12.66,LK,1663050805
134,Plettenberg Bay,-34.0527,23.3716,61.03,52,1,4.97,ZA,1663050808
135,Tommot,58.9564,126.2925,50.63,85,100,15.01,RU,1663050810
136,Clyde River,70.4692,-68.5914,37.63,100,100,2.3,CA,1663050812
137,phan rang,,,,,,,,
138,amderma,,,,,,,,
139,Shelburne,44.0787,-80.2041,54.39,93,1,6.38,CA,1663050815
140,Trincomalee,8.5711,81.2335,90.12,56,100,8.66,LK,1663050817
141,Talnakh,69.4865,88.3972,36.88,87,100,9.62,RU,1663050820
142,Key Biscayne,25.6937,-80.1628,82.02,85,20,0,US,1663050665
143,grand river south east,,,,,,,,
144,Faanui,-16.4833,-151.75,75.33,84,100,23.49,PF,1663050824
145,Abalak,58.1286,68.5944,56.75,44,58,6.51,RU,1663050827
146,Cooma,-36.2333,149.1333,48.25,46,32,6.08,AU,1663050830
147,tabiauea,,,,,,,,
148,‘Āhuimanu,21.4447,-157.8378,80.31,80,100,13.8,US,1663050832
149,Ponta do Sol,32.6667,-17.1,71.71,82,84,12.03,PT,1663050588
150,Noumea,-22.2763,166.4572,73.38,89,100,5.48,NC,1663050837
151,Chokurdakh,70.6333,147.9167,40.53,73,100,2.51,RU,1663050840
152,Hong Kong,22.2855,114.1577,96.96,47,0,8.99,HK,1663050700
153,Katobu,-4.9408,122.5276,88.75,47,77,10.85,ID,1663050845
154,Fairbanks,64.8378,-147.7164,50.99,82,40,0,US,1663050818
155,Honiara,-9.4333,159.95,80.74,83,66,4.12,SB,1663050850
156,Tigil',57.8,158.6667,45.23,93,100,6.53,RU,1663050852
157,Yellowknife,62.456,-114.3525,43.32,93,20,9.22,CA,1663050607
158,saleaula,,,,,,,,
159,Khorramshahr,30.4397,48.1664,98.56,16,0,6.91,IR,1663050857
160,Denpasar,-8.65,115.2167,83.86,79,20,14.97,ID,1663050859
161,Tilichiki,60.4667,166.1,45.01,80,100,1.79,RU,1663050862
162,Zhangaözen,43.3,52.8,71.82,19,0,27.98,KZ,1663050865
163,Longyearbyen,78.2186,15.6401,35.44,64,40,16.11,SJ,1663050867
164,Xining,36.6167,101.7667,69.49,48,95,4.65,CN,1663050870
165,Qaqortoq,60.7167,-46.0333,42.96,87,0,2.15,GL,1663050872
166,Karratha,-20.7377,116.8463,78.85,50,5,18.54,AU,1663050875
167,Sidi Ali,36.0998,0.4206,79.7,59,100,5.61,DZ,1663050877
168,Ribeira Grande,38.5167,-28.7,73.8,94,75,9.22,PT,1663050879
169,suna,,,,,,,,
170,Takoradze,4.8845,-1.7554,74.07,90,100,6.29,GH,1663050628
171,Florø,61.5996,5.0328,51.96,87,75,5.75,NO,1663050884
172,Salto de Agua,17.6167,-92.3667,72.77,99,100,2.17,MX,1663050887
173,Gimbi,9.1667,35.8333,59.4,93,100,1.3,ET,1663050889
174,Westport,41.1415,-73.3579,73.22,94,20,1.01,US,1663050629
175,Moerai,-22.4333,-151.3333,73.04,76,96,22.12,PF,1663050894
176,Belogorsk,50.9158,128.4611,61.52,50,90,2.21,RU,1663050896
177,Perth,-31.9333,115.8333,66.04,75,75,20.71,AU,1663050649
178,Butaritari,3.0707,172.7902,81.54,74,65,7.9,KI,1663050901
179,Guajará,-2.9667,-57.6667,74.3,70,5,1.92,BR,1663050903
180,Wuda,39.4994,106.7117,82.2,22,0,27.38,CN,1663050906
181,Torbay,47.6666,-52.7314,58.28,97,100,18.41,CA,1663050907
182,Margate,51.3813,1.3862,67.3,89,100,5.01,GB,1663050806
183,sorvag,,,,,,,,
184,Bengkulu,-3.8004,102.2655,78.51,84,100,7.65,ID,1663050913
185,Mount Gambier,-37.8333,140.7667,55.45,58,19,2.37,AU,1663050713
186,Severo-Kuril'sk,50.6789,156.125,56.55,86,100,4.88,RU,1663050918
187,Noyon,49.5833,3,63.25,54,100,5.01,FR,1663050920
188,Norman Wells,65.282,-126.8329,51.84,66,75,6.91,CA,1663050923
189,Beidao,34.5686,105.8933,72.72,60,88,8.41,CN,1663050925
190,Makīnsk,52.6292,70.4169,54.75,44,94,2.28,KZ,1663050927
191,Dzhalil',55.0239,52.7358,55.38,47,14,7.09,RU,1663050930
192,Richards Bay,-28.783,32.0377,63.05,87,100,4.05,ZA,1663050932
193,Grants,35.1473,-107.8514,61.03,63,40,0,US,1663050935
194,Posse,-14.0931,-46.3694,67.66,21,7,8.08,BR,1663050937
195,Sisimiut,66.9395,-53.6735,44.74,85,100,10.69,GL,1663050671
196,Acaponeta,22.4964,-105.3594,76.17,99,100,5.39,MX,1663050942
197,Ponta Delgada,37.7333,-25.6667,72.5,83,40,6.91,PT,1663050944
198,Amga,60.8953,131.9608,58.32,37,100,12.24,RU,1663050946
199,Hobart,-42.8794,147.3294,54.23,70,40,8.05,AU,1663050727
200,vaitupu,,,,,,,,
201,Souillac,-20.5167,57.5167,77.38,61,75,13.8,MU,1663050951
202,Lebu,-37.6167,-73.65,46.9,84,37,2.08,CL,1663050953
203,Saskylakh,71.9167,114.0833,35.47,97,100,3.83,RU,1663050956
204,Mattru,7.6244,-11.8332,72.09,97,100,1.39,SL,1663050958
205,Aktash,50.3,87.7333,48.29,31,64,4.14,RU,1663050961
206,Upernavik,72.7868,-56.1549,40.08,97,100,4.88,GL,1663050963
207,Havelock,34.8791,-76.9013,82.35,89,94,6.73,US,1663050799
208,Voh,-20.9667,164.7,69.67,86,100,5.28,NC,1663050968
209,Burnie,-41.0667,145.9167,51.94,43,4,5.44,AU,1663050970
210,yirol,,,,,,,,
211,Codrington,-38.2667,141.9667,54.21,67,6,7.23,AU,1663050973
212,Chui,-33.6971,-53.4616,54.82,94,100,8.66,UY,1663050975
213,Taoudenni,22.6783,-3.9836,93.15,11,9,3.18,ML,1663050978
214,Katsuura,35.1333,140.3,80.19,85,100,10.78,JP,1663050980
215,Ostrovnoy,68.0531,39.5131,46.45,72,100,2.37,RU,1663050982
216,Prince Rupert,54.3161,-130.3201,53.29,97,0,3.44,CA,1663050985
217,Cururupu,-1.8283,-44.8683,75.58,89,83,5.08,BR,1663050987
218,Alofi,-19.0595,-169.9187,75.09,78,8,3.44,NU,1663050990
219,Sambava,-14.2667,50.1667,75.97,67,30,12.39,MG,1663050992
220,Bubaque,11.2833,-15.8333,80.49,81,83,15.19,GW,1663050995
221,Cayenne,4.9333,-52.3333,75.24,94,8,1.14,GF,1663050997
222,Lüderitz,-26.6481,15.1594,70.88,25,5,15.19,NA,1663051000
223,hofn,,,,,,,,
224,Keti Bandar,24.1447,67.4497,89.8,60,40,10,PK,1663051002
225,Kruisfontein,-34.0033,24.7314,55.89,50,7,9.26,ZA,1663051005
226,Seymchan,62.8833,152.4333,40.37,75,100,10.25,RU,1663051007
227,Broken Hill,-31.95,141.4333,68.25,34,42,7.4,AU,1663051009
228,Necochea,-38.5473,-58.7368,45.55,77,1,7.78,AR,1663050982
229,Maumere,-8.6199,122.2111,84.51,63,29,0.56,ID,1663051014
230,Cap Malheureux,-19.9842,57.6142,75.47,64,10,7,MU,1663051016
231,Russellville,35.2784,-93.1338,59.99,66,0,0,US,1663050887
232,Praia da Vitória,38.7333,-27.0667,70.05,94,75,6.38,PT,1663051021
233,Buala,-8.145,159.5921,81.81,74,40,4.29,SB,1663051023
234,Mossamedes,-15.1961,12.1522,65.7,82,91,1.68,AO,1663051026
235,Nālūt,30.3333,10.85,83.93,32,0,9.53,LY,1663051028
236,Mananjary,-21.2167,48.3333,74.8,64,3,6.89,MG,1663051031
237,Buchanan,5.8808,-10.0467,76.17,85,100,7.92,LR,1663051033
238,Staraya Russa,57.9944,31.3608,54.99,66,98,6.8,RU,1663051036
239,Champerico,14.3,-91.9167,77.76,87,100,5.06,GT,1663051038
240,Ucar,40.519,47.6542,77.18,48,0,5.91,AZ,1663051040
241,Okha,53.5739,142.9478,49.59,62,100,13.29,RU,1663051043
242,Deputatsky,69.3,139.9,39.85,48,100,6.82,RU,1663051045
243,Xichang,27.8964,102.2634,79.75,57,13,2.53,CN,1663051048
244,Ratnagiri,16.9833,73.3,81.27,85,100,15.48,IN,1663051050
245,Mahébourg,-20.4081,57.7,77.29,61,75,13.8,MU,1663051053
246,Cabo San Lucas,22.8909,-109.9124,82.51,79,11,1.01,MX,1663050958
247,Maïné Soroa,13.2114,12.0241,82.65,64,100,15.5,NE,1663051057
248,Beringovskiy,63.05,179.3167,44.92,81,100,13.06,RU,1663051060
249,Yenagoa,4.9247,6.2642,76.33,88,61,3.06,NG,1663051062
250,Zarubino,42.63,131.0922,71.31,79,100,10.85,RU,1663051065
251,Santa Cruz de la Sierra,-17.8,-63.1667,76.46,44,75,12.66,BO,1663050890
252,Porto Calvo,-9.045,-35.3983,69.78,91,6,4.36,BR,1663051069
253,tsihombe,,,,,,,,
254,attawapiskat,,,,,,,,
255,Poum,-20.2333,164.0167,73.89,73,100,23.44,NC,1663051072
256,Yerbogachën,61.2767,108.0108,46.13,80,94,14.92,RU,1663051075
257,Pacifica,37.6138,-122.4869,64.24,92,75,13.8,US,1663051077
258,Toora-Khem,52.4675,96.11,56.55,40,100,3.69,RU,1663051079
259,marcona,,,,,,,,
260,Greenfield,42.9614,-88.0126,60.94,92,100,6.91,US,1663051082
261,Araouane,18.9048,-3.5265,92.17,26,11,8.63,ML,1663051084
262,Grand Gaube,-20.0064,57.6608,77.4,64,13,7,MU,1663051087
263,Porto Nacional,-10.7081,-48.4172,75.2,34,13,3.87,BR,1663051090
264,Russell,32.3502,-85.1999,72.68,83,20,3.44,US,1663050955
265,Kőszeg,47.3892,16.541,60.94,65,97,4.45,HU,1663051094
266,Abu Dhabi,24.4667,54.3667,91.51,80,7,6.91,AE,1663050840
267,Ilek,51.5271,53.3831,66.25,30,18,13.02,RU,1663051099
268,Rawson,-43.3002,-65.1023,34.09,93,100,3.44,AR,1663051101
269,Whitianga,-36.8333,175.7,56.64,81,32,13.22,NZ,1663051104
270,Kaitangata,-46.2817,169.8464,38.39,91,100,15.7,NZ,1663051106
271,Ulladulla,-35.35,150.4667,57.78,58,9,8.43,AU,1663051108
272,College,64.8569,-147.8028,50.99,81,75,0,US,1663051111
273,Lewistown,40.5992,-77.5714,68.18,94,0,4.61,US,1663051113
274,Shakawe,-18.3667,21.85,76.17,11,0,5.99,BW,1663051116
275,Hackettstown,40.854,-74.8291,71.37,88,97,0.76,US,1663051118
276,Fallon,39.4735,-118.7774,70.92,57,75,11.5,US,1663051120
277,kununurra,,,,,,,,
278,rungata,,,,,,,,
279,Nuuk,64.1835,-51.7216,45.21,87,100,2.3,GL,1663051123
280,Burgersdorp,-30.9977,26.3286,54.18,29,0,4.32,ZA,1663051125
281,Namatanai,-3.6667,152.4333,83.46,66,100,10.78,PG,1663051128
282,Sabha,27.0377,14.4283,86.95,25,43,8.75,LY,1663051130
283,Coos Bay,43.3665,-124.2179,57.99,99,100,4.61,US,1663051106
284,Punta Alta,-38.8759,-62.0736,47.1,91,0,6.98,AR,1663050917
285,Mankono,8.0586,-6.1897,69.64,98,100,4.65,CI,1663051137
286,Venado Tuerto,-33.7456,-61.9688,48.76,46,35,3.96,AR,1663051139
287,Vila Velha,-20.3297,-40.2925,69.75,96,100,2.3,BR,1663051142
288,Yulara,-25.2406,130.9889,87.78,20,4,18.54,AU,1663051144
289,Liku,-0.7275,119.8922,82.83,80,16,1.95,ID,1663051147
290,Chiuza,47.2333,24.25,54.97,74,10,3.15,RO,1663051149
291,Kargil,34.5667,76.1,60.35,24,0,1.97,IN,1663051152
292,Coquimbo,-29.9533,-71.3436,53.33,87,100,8.05,CL,1663051154
293,crab hill,,,,,,,,
294,Luganville,-15.5333,167.1667,78.75,80,23,6.67,VU,1663051157
295,Carutapera,-1.195,-46.02,77.65,84,97,7.63,BR,1663051159
296,Shipunovo,52.1582,82.2173,55.63,52,45,5.28,RU,1663051162
297,Zverinogolovskoye,54.4586,64.8542,60.12,39,34,6.87,RU,1663051164
298,Opuwo,-18.0607,13.84,75.29,18,6,11.61,NA,1663051166
299,Arrondissement de Dreux,48.6667,1.25,67.86,65,100,5.64,FR,1663051169
300,ondorhaan,,,,,,,,
301,Tombouctou,20,-3,92.73,22,17,7.45,ML,1663051172
302,Caxito,-8.5785,13.6643,74.44,73,99,2.57,AO,1663051174
303,nizhneyansk,,,,,,,,
304,Olafsvik,64.8945,-23.7142,46.96,83,100,9.95,IS,1663051177
305,Turukhansk,65.8167,87.9833,39.99,94,100,15.73,RU,1663051179
306,Conceição do Araguaia,-8.2578,-49.2647,74.66,62,5,4.36,BR,1663051181
307,Mount Isa,-20.7333,139.5,87.57,16,0,6.91,AU,1663051184
308,tinjah,,,,,,,,
309,Lamu,-2.2717,40.902,80.82,69,99,14.29,KE,1663051186
310,Sakakah,29.9697,40.2064,85.57,14,0,9.98,SA,1663051189
311,Jalu,29.0331,21.5482,80.76,49,0,7.29,LY,1663051191
312,Juigalpa,12.1063,-85.3645,74.32,92,100,4.23,NI,1663051193
313,hunza,,,,,,,,
314,Liverpool,53.4106,-2.9779,58.82,87,75,3.44,GB,1663050947
315,Maxixe,-23.8597,35.3472,76.82,73,40,6.91,MZ,1663051198
316,Mokhsogollokh,61.4681,128.9203,57.29,42,100,11.61,RU,1663051201
317,Mumford,5.2618,-0.759,74.21,89,100,7.4,GH,1663051203
318,Turinskaya Sloboda,57.6232,64.3858,58.41,45,37,7.31,RU,1663051206
319,Heihe,50.2441,127.4902,64.98,41,12,5.77,CN,1663051208
320,Constitución,-35.3333,-72.4167,45.32,89,1,3.31,CL,1663051211
321,Bonavista,48.6499,-53.1147,57.09,97,100,25.46,CA,1663051213
322,Los Llanos de Aridane,28.6585,-17.9182,69.55,82,75,8.01,ES,1663051215
323,Marrakesh,31.6315,-8.0083,69.87,78,40,5.75,MA,1663051218
324,Dunedin,-45.8742,170.5036,40.8,87,100,11.01,NZ,1663050969
325,Daro,8.5185,-9.569,68.65,99,100,0.72,GN,1663051222
326,Korla,41.7597,86.1469,84.94,16,100,13.65,CN,1663051153
327,Bairiki Village,1.3292,172.9752,80.6,83,75,6.91,KI,1663051227
328,Kavaratti,10.5669,72.642,80.85,79,22,14.32,IN,1663051230
329,Mulchén,-37.7167,-72.2333,44.42,97,21,1.14,CL,1663051232
330,Lorengau,-2.0226,147.2712,83.21,65,33,10.78,PG,1663051235
331,Namchi,27.1667,88.35,71.42,89,97,2.3,IN,1663051237
332,Marshfield,44.6689,-90.1718,53.55,82,0,5.75,US,1663051239
333,Leningradskiy,69.3833,178.4167,36.3,95,100,3.98,RU,1663051242
334,price,,,,,,,,
335,Mandlā,22.6,80.3833,76.03,96,100,10.47,IN,1663051244
336,Marzuq,14.4,46.4667,89.76,32,21,1.79,YE,1663051247
337,Buraidah,26.326,43.975,91.85,7,0,8.68,SA,1663051249
338,Berlevåg,70.8578,29.0864,42.6,81,40,10.36,NO,1663051252
339,Gubin,51.9496,14.7284,57.29,65,100,8.39,PL,1663051254
340,Alpena,45.0617,-83.4327,62.11,94,75,5.75,US,1663051257
341,Yar-Sale,66.8333,70.8333,43.36,70,90,2.46,RU,1663051259
342,Pangkalanbuun,-2.6833,111.6167,78.69,82,100,2.8,ID,1663051261
343,Bridgend,51.5058,-3.5772,62.74,83,100,5.99,GB,1663051264
344,Yumen,40.2833,97.2,83.3,23,86,18.66,CN,1663051266
345,umzimvubu,,,,,,,,
346,Tarboro,35.8968,-77.5358,76.91,94,0,0,US,1663051016
347,Caravelas,-17.7125,-39.2481,67.42,87,54,3.96,BR,1663051271
348,Jacareacanga,-6.2222,-57.7528,72.28,65,98,1.97,BR,1663051273
349,Shache,38.4167,77.2406,87.71,14,100,11.16,CN,1663051276
350,Kupang,-10.1667,123.5833,91.98,55,20,23.02,ID,1663051279
351,Beroroha,-21.6667,45.1667,87.31,25,2,1.79,MG,1663051281
352,Alice Springs,-23.7,133.8833,87.35,16,0,8.05,AU,1663051283
353,Pawai,24.2667,80.1667,82.36,81,100,11.79,IN,1663051286
354,Ancud,-41.8697,-73.8203,44.78,90,27,4.05,CL,1663051289
355,Verāval,20.9,70.3667,78.75,90,100,10.11,IN,1663051211
356,Drensteinfurt,51.7953,7.7382,66.6,68,86,5.66,DE,1663051293
357,Malangali,-8.5667,34.85,72.97,42,24,13.24,TZ,1663051296
358,Sosnovo-Ozerskoye,52.5249,111.5418,62.06,32,100,17.81,RU,1663051298
359,Lavrentiya,65.5833,-171,45.95,91,100,5.73,RU,1663051301
360,Puerto Gaitán,4.3133,-72.0816,73.81,90,84,4.61,CO,1663051303
361,Goba,7.0167,39.9833,59.58,72,98,4.59,ET,1663051306
362,Pangai,-19.8,-174.35,78.91,78,40,12.66,TO,1663051308
363,Killybegs,54.6333,-8.45,56.98,73,97,7.58,IE,1663051311
364,Maţāy,28.419,30.7792,84.25,50,0,8.95,EG,1663051313
365,Ballina,-28.8667,153.5667,66.02,70,2,13.49,AU,1663051316
366,Scarborough,54.2797,-0.4044,51.78,88,100,1.99,GB,1663050987
367,Veseloyarsk,51.2836,81.1056,59.86,33,87,8.5,RU,1663051320
368,eldikan,,,,,,,,
369,Tsimmerbude,54.675,20.1347,53.65,71,99,11.23,RU,1663051323
370,Dingle,10.9995,122.6711,86.36,73,90,9.89,PH,1663051325
371,Bouza,14.4229,6.0428,80.55,71,17,12.06,NE,1663051327
372,Tupik,54.4253,119.9327,63.46,53,100,12.3,RU,1663051330
373,Dubai,25.2582,55.3047,100.65,49,5,9.22,AE,1663051123
374,Padang,-0.9492,100.3543,82.45,89,100,1.14,ID,1663051335
375,Kumul,42.8,93.45,83.23,20,31,8.39,CN,1663051149
376,Amahai,-3.3333,128.9167,82.27,77,26,9.35,ID,1663051339
377,São José da Coroa Grande,-8.8978,-35.1478,72.91,84,13,8.5,BR,1663051341
378,Kyabé,9.4515,18.9449,71.26,95,100,4.76,TD,1663051344
379,Coahuayana Viejo,18.7333,-103.6833,75.94,94,100,3.06,MX,1663051346
380,Kawalu,-7.3817,108.2082,79.88,80,65,5.46,ID,1663051349
381,Peniche,39.3558,-9.3811,69.12,93,99,22.1,PT,1663051352
382,Griffith,41.5284,-87.4237,60.73,95,100,0,US,1663051354
383,Kattivākkam,13.2167,80.3167,93.29,53,5,11.23,IN,1663051357
384,Nanchong,30.7951,106.0847,89.8,47,83,4.29,CN,1663051359
385,sidi bu zayd,,,,,,,,
386,Tonantins,-2.8731,-67.8022,70.95,99,100,3.4,BR,1663051362
387,Fort-Shevchenko,44.5086,50.263,73.24,29,5,30.06,KZ,1663051364
388,portland,,,,,,,,
389,Hay River,60.8156,-115.7999,51.78,54,75,9.22,CA,1663051090
390,Dārāb,28.7519,54.5444,92.53,17,0,6.42,IR,1663051369
391,Terråk,65.087,12.3715,58.87,79,100,6.17,NO,1663051371
392,Dhārūr,18.8167,76.1167,78.53,77,98,18.19,IN,1663051374
393,Kitimat,54.0524,-128.6534,57.58,21,0,1.99,CA,1663051323
394,Yangi Marg`ilon,40.4272,71.7189,70.52,49,0,2.3,UZ,1663051378
395,Usol'ye,59.4268,56.6808,50.49,79,100,6.71,RU,1663051381
396,Talara,-4.5772,-81.2719,62.53,84,16,18.14,PE,1663051383
397,Barghāt,22.0333,79.7167,75.7,95,100,14.79,IN,1663051386
398,cumaribo,,,,,,,,
399,Belorechensk,44.76,39.87,69.44,63,7,8.57,RU,1663051388
400,Egvekinot,66.3167,-179.1667,35.58,96,100,11.9,RU,1663051391
401,San Patricio,28.017,-97.5169,82.85,71,1,6.04,US,1663051393
402,Pangnirtung,66.1451,-65.7125,44.02,78,100,10.65,CA,1663051395
403,Ust'-Karsk,52.7011,118.8077,78.96,31,90,11.12,RU,1663051398
404,Surab,28.4914,66.2585,78.91,21,0,2.64,PK,1663051400
405,Fougamou,-1.2154,10.5838,75.2,78,53,2.39,GA,1663051403
406,Makakilo City,21.3469,-158.0858,79.12,70,0,13.8,US,1663051405
407,tumannyy,,,,,,,,
408,Datong,40.0936,113.2914,81.45,25,1,14.14,CN,1663051408
409,Serenje,-13.2325,30.2352,73.8,34,0,13.24,ZM,1663051411
410,Bathsheba,13.2167,-59.5167,83.01,78,40,10.36,BB,1663051413
411,Bam,29.106,58.357,91.38,11,0,8.39,IR,1663051415
412,Castro,-24.7911,-50.0119,57.92,99,100,2.37,BR,1663051418
413,Port-Gentil,-0.7193,8.7815,76.53,75,28,6.96,GA,1663051420
414,urdzhar,,,,,,,,
415,Ust-Kuyga,70.0167,135.6,42.58,71,100,14.45,RU,1663051423
416,Aripuanã,-9.1667,-60.6333,76.86,58,62,2.06,BR,1663051425
417,Ekibastuz,51.6667,75.3667,55.22,44,87,0.92,KZ,1663051275
418,Jiangyou,31.7667,104.7167,79.56,71,19,6.53,CN,1663051430
419,Poções,-14.5297,-40.3653,55.45,97,32,2.62,BR,1663051432
420,Naze,28.3667,129.4833,79.72,84,46,15.32,JP,1663051435
421,Katherine,-14.4667,132.2667,98.92,22,40,13.8,AU,1663051437
422,Ubari,26.5921,12.7805,85.84,20,24,3.89,LY,1663051439
423,Manali,13.1667,80.2667,93.29,50,5,10.27,IN,1663051442
424,Guerrero Negro,27.9769,-114.0611,72.72,82,0,10.13,MX,1663051241
425,Moree,-29.4667,149.85,63.82,53,12,7.61,AU,1663051446
426,Bantry,51.6833,-9.45,59.79,85,100,9.8,IE,1663051449
427,San Angelo,31.4638,-100.437,74.89,65,0,5.75,US,1663051438
428,Aksu,41.1231,80.2644,84.42,18,50,18.52,CN,1663051454
429,Samfya,-11.3649,29.5565,76.28,35,7,11.07,ZM,1663051456
430,Båtsfjord,70.6345,29.7185,42.58,87,75,9.22,NO,1663051458
431,Nichinan,31.6,131.3667,85.68,89,98,13.78,JP,1663051461
432,Batemans Bay,-35.7167,150.1833,57.09,57,24,7.29,AU,1663051235
433,ambodifototra,,,,,,,,
434,Termez,37.2242,67.2783,82.49,14,0,4.61,UZ,1663051466
435,Lata,40.1629,-8.3327,66.07,83,100,11.01,PT,1663051468
436,Mackay,-21.15,149.2,77.68,71,0,10.92,AU,1663051240
437,Sola,-13.8833,167.55,77.67,94,40,0,VU,1663051473
438,Henties Bay,-22.116,14.2845,61.02,66,0,1.57,NA,1663051475
439,longlac,,,,,,,,
440,Lokosovo,61.1333,74.8167,53.51,64,100,13.09,RU,1663051478
441,Cascais,38.6979,-9.4215,69.51,74,75,28.99,PT,1663051480
442,São João da Barra,-21.6403,-41.0511,69.8,92,99,7.52,BR,1663051483
443,Ola,59.5833,151.2833,52.83,56,20,13.24,RU,1663051485
444,huarmey,,,,,,,,
445,Polunochnoye,60.8697,60.4153,53.76,56,100,10.16,RU,1663051488
446,Xifeng,42.7372,124.7222,72.3,66,0,11.12,CN,1663051490
447,Yangambi,0.8102,24.4336,72.59,96,100,2.46,CD,1663051493
448,blonduos,,,,,,,,
449,Zhezkazgan,47.8043,67.7144,62.58,27,0,6.71,KZ,1663051495
450,Caraquet,47.7941,-64.9386,61.34,95,48,1.5,CA,1663051498
451,Guarapari,-20.6667,-40.4975,67.89,92,4,4.36,BR,1663051500
452,Māgadi,12.9667,77.2333,82.76,65,100,13.42,IN,1663051502
453,gzhatsk,,,,,,,,
454,Tuatapere,-46.1333,167.6833,38.7,76,100,10.36,NZ,1663051505
455,one hundred mile house,,,,,,,,
456,Arlit,18.7369,7.3853,90.7,12,8,10.4,NE,1663051508
457,El Colomo,19.05,-104.25,77.58,91,100,4.85,MX,1663051510
458,Kahului,20.8947,-156.47,80.62,77,40,9.22,US,1663051513
459,Kailua,21.4022,-157.7394,80.58,84,100,6.91,US,1663051515
460,Neuquén,-38.9516,-68.0591,40.89,75,0,5.75,AR,1663051222
461,Tanabe,33.7333,135.3667,87.01,66,40,5.75,JP,1663051520
462,Jasper,37.2001,-94.3502,63.9,71,0,3.44,US,1663051522
463,Barcelona,41.3888,2.159,80.55,85,20,6.91,ES,1663051525
464,Emerald,-23.5333,148.1667,76.33,40,0,10.67,AU,1663051527
465,Asău,46.4333,26.4,54.52,68,97,0.87,RO,1663051530
466,Vilyuysk,63.7553,121.6247,50.77,66,100,9.57,RU,1663051533
467,Curvelo,-18.7564,-44.4308,68.43,62,22,6.64,BR,1663051535
468,Altay,47.8667,88.1167,62.94,22,100,6.53,CN,1663051537
469,Riyadh,24.6877,46.7219,98.74,7,0,9.24,SA,1663051499
470,Borogontsy,62.6683,131.1683,54.25,49,100,13.71,RU,1663051542
471,Gravdal,68.1214,13.5031,48.7,78,91,16.78,NO,1663051544
472,Wilmington,34.2257,-77.9447,81,83,0,6.91,US,1663051248
473,Kysyl-Syr,63.8986,122.7617,48.7,75,100,11.01,RU,1663051549
474,sao miguel do oeste,,,,,,,,
475,Dolores,-36.3132,-57.6792,45.21,91,0,1.36,AR,1663051552
476,Asmara,15.3333,38.9333,72.81,27,91,5.14,ER,1663051554
477,Isla Vista,34.4133,-119.861,72.82,73,0,3.44,US,1663051508
478,Lengshuijiang,27.6881,111.4294,94.05,31,33,8.68,CN,1663051559
479,Marsá Maţrūḩ,31.3525,27.2453,79,73,40,8.05,EG,1663051561
480,Jhunjhunūn,28.1307,75.4014,92.88,45,28,15.57,IN,1663051564
481,warqla,,,,,,,,
482,Río Gallegos,-51.6226,-69.2181,39.25,65,0,23.02,AR,1663051567
483,Krasnosel'kup,65.7,82.4667,43.72,93,100,19.1,RU,1663051569
484,Povenets,62.8487,34.8262,53.74,71,100,9.73,RU,1663051572
485,Pangody,65.85,74.4859,44.35,92,100,8.75,RU,1663051574
486,Vestmanna,62.1564,-7.1664,47.32,93,100,2.3,FO,1663051577
487,Progreso,21.2833,-89.6667,74.1,94,100,7.49,MX,1663051518
488,Romanovo,52.6182,81.2271,53.71,55,99,6.55,RU,1663051581
489,Tateyama,34.9833,139.8667,81.16,81,100,7.94,JP,1663051584
490,Ishigaki,24.3448,124.1572,82.53,74,75,24.16,JP,1663051586
491,Lagoa,39.05,-27.9833,70.48,82,100,2.91,PT,1663051588
492,Chipinge,-20.1883,32.6236,66.96,56,21,9.64,ZW,1663051591
493,Kokstad,-30.5472,29.4241,54.1,55,21,2.48,ZA,1663051593
494,Halifax,44.6453,-63.5724,66.2,93,5,3.44,CA,1663051508
495,Broome,42.2506,-75.833,67.19,93,100,1.01,US,1663051598
496,Houma,29.5958,-90.7195,73.99,88,0,4.61,US,1663051600
497,Touros,-5.1989,-35.4608,72.09,89,57,11.92,BR,1663051603
498,Port-Cartier,50.0334,-66.8654,56.88,98,100,2.21,CA,1663051605
499,Qaryat Sulūq,31.6682,20.2521,79.52,66,0,6.49,LY,1663051608
500,vardo,,,,,,,,
501,Erzin,36.9559,36.2,81.39,65,13,6.76,TR,1663051610
502,Muscat,23.6139,58.5922,89.62,51,40,5.88,OM,1663051387
503,chagda,,,,,,,,
504,Pingzhuang,42.0372,119.2889,74.35,47,0,8.72,CN,1663051615
505,Klaksvík,62.2266,-6.589,49.12,88,100,5.26,FO,1663051617
506,Grafton,42.207,-71.6856,68.83,90,40,4.61,US,1663051620
507,Lahaina,20.8783,-156.6825,80.6,86,100,10.71,US,1663051622
508,Puerto del Rosario,28.5004,-13.8627,73.15,78,20,2.3,ES,1663051624
509,Conceição da Barra,-18.5933,-39.7322,66.85,88,5,4.23,BR,1663051627
510,Carahue,-38.7,-73.1667,41.63,91,17,1.03,CL,1663051629
511,Verkh-Usugli,52.7,115.1667,70.56,43,100,12.8,RU,1663051632
512,Grand Baie,-20.0182,57.5802,77.47,63,9,7,MU,1663051634
513,Walvis Bay,-22.9575,14.5053,50.95,87,0,2.3,NA,1663051636
514,Bereda,43.2686,-7.5406,64.42,100,100,1.95,ES,1663051639
515,Tautira,-17.7333,-149.15,78.24,73,100,20.2,PF,1663051641
516,Ziarat,30.3823,67.7282,71.2,25,0,5.32,PK,1663051644
517,Sørland,67.667,12.6934,51.66,66,0,20.71,NO,1663051646
518,Shepetivka,50.1855,27.0637,50.41,94,100,9.4,UA,1663051648
519,Zainsk,55.3195,52.0694,54.59,47,10,7.74,RU,1663051651
520,yanan,,,,,,,,
521,Vryburg,-26.9566,24.7284,61.65,58,0,9.8,ZA,1663051653
522,Marystown,47.1666,-55.1483,58.35,94,100,17.36,CA,1663051656
523,Mizdah,31.4451,12.9801,77.72,46,0,2.53,LY,1663051658
524,Fuerte Olimpo,-21.0415,-57.8738,68.05,61,100,4.12,PY,1663051661
525,Hamilton,39.1834,-84.5333,63.81,79,75,6.91,US,1663051611
526,Ottumwa,41.02,-92.4113,54.54,86,0,5.75,US,1663051665
527,Mingyue,43.1069,128.9217,79.11,47,5,5.68,CN,1663051667
528,Sawtell,-30.3833,153.1,63.19,67,75,16.11,AU,1663051670
529,Durban,-29.8579,31.0292,64.02,88,100,4.68,ZA,1663051672
530,Ves'yegonsk,58.664,37.2604,52.45,61,100,5.82,RU,1663051675
531,karaul,,,,,,,,
532,Pauini,-7.7136,-66.9764,72.07,89,13,2.01,BR,1663051677
533,Mayo,38.8876,-76.5119,73.35,95,20,3.44,US,1663051640
534,Skjervøy,70.0311,20.9714,44.6,73,38,3.94,NO,1663051682
535,Avera,33.194,-82.5271,71.11,86,13,5.5,US,1663051684
536,Te Anau,-45.4167,167.7167,33.84,91,59,6.76,NZ,1663051687
537,Paamiut,61.994,-49.6678,43.38,65,70,5.39,GL,1663051689
538,Kazlų Rūda,54.7667,23.5,49.98,90,100,3.62,LT,1663051692
539,Orlik,52.5178,99.825,53.29,33,100,9.51,RU,1663051694
540,Pop,40.8736,71.1089,70.29,25,0,4.07,UZ,1663051697
541,ebano,,,,,,,,
542,Chifeng,42.2683,118.9636,72.12,49,0,8.12,CN,1663051699
543,Tukan,53.8409,57.4552,53.08,54,49,4.03,RU,1663051702
544,El Tocuyo,9.7873,-69.7937,68.97,92,87,4.5,VE,1663051704
545,Sangar,63.9242,127.4739,45.21,80,100,22.39,RU,1663051706
546,Tacuarembó,-31.7333,-55.9833,48.4,88,3,6.38,UY,1663051709
547,Nioro,13.35,-15.75,73.15,98,99,4.97,GM,1663051711
548,Quang Ngai,15.1167,108.8,87.96,65,88,8.97,VN,1663051616
549,gangotri,,,,,,,,
550,Mt. Pleasant,32.7941,-79.8626,79.99,91,20,7,US,1663051525
551,Hualmay,-11.0964,-77.6139,59.2,85,100,10.6,PE,1663051718
552,Wilmington Manor,39.6868,-75.5844,73.9,89,75,3.44,US,1663051720
553,Bianzhuang,34.8486,118.0447,79.14,65,89,10.38,CN,1663051723
554,Sanary-sur-Mer,43.1178,5.8001,72.61,84,79,4,FR,1663051725
555,La Ronge,55.1001,-105.2842,41.25,87,20,1.14,CA,1663051728
556,covilha,,,,,,,,
557,Coyhaique,-45.5752,-72.0662,42.75,93,0,6.91,CL,1663051730
558,Shenjiamen,29.9576,122.298,78.03,91,100,26.53,CN,1663051732
559,Narsaq,60.9167,-46.05,39.42,65,0,4.68,GL,1663051735
560,Mapimí,25.8167,-103.85,69.93,51,0,3.24,MX,1663051737
561,Macusani,-14.0833,-70.4333,40.66,81,100,4.65,PE,1663051740
562,Praia,14.9215,-23.5087,78.78,87,100,15.41,CV,1663051742
563,Salinópolis,-0.6136,-47.3561,78.96,80,85,10.2,BR,1663051744
564,Campbellton,48.0075,-66.6727,63.05,98,100,2.8,CA,1663051747
565,Castelldefels,41.2779,1.9703,80.89,88,20,6.91,ES,1663051749
566,Pontianak,-0.0333,109.3333,85.98,70,75,3.44,ID,1663051752
567,Kumukh,42.1704,47.1161,77.34,28,3,1.7,RU,1663051754
568,Sur,22.5667,59.5289,93.47,47,6,5.03,OM,1663051557
569,Xai-Xai,-25.0519,33.6442,72.57,66,78,16.67,MZ,1663051759
570,eskasem,,,,,,,,
571,Srednekolymsk,67.45,153.6833,40.98,80,100,7.18,RU,1663051761
572,Novyy Svit,47.8059,38.0211,66.63,58,1,11.83,UA,1663051764
573,Gáldar,28.147,-15.6502,73.9,83,42,10.02,ES,1663051766
574,West Bay,19.3667,-81.4167,82.99,86,66,1.01,KY,1663051769
575,Kidal,18.4411,1.4078,87.39,32,90,10.65,ML,1663051771
576,Gemena,3.25,19.7667,73.58,92,100,1.83,CD,1663051773
577,Porto-Novo,6.4965,2.6036,76.82,88,100,4.34,BJ,1663051776
578,Mint Hill,35.1796,-80.6473,70.59,96,0,4.61,US,1663051778
579,Kindu,-2.95,25.95,76.69,80,89,5.53,CD,1663051781
580,Mahajanga,-15.7167,46.3167,84.22,39,0,10.36,MG,1663051783
581,Fruitvale,39.0817,-108.4968,70.38,27,0,4.61,US,1663051785
582,Abu Kamal,34.4506,40.9171,89.17,26,0,8.41,SY,1663051788
583,Kuzhener,56.8111,48.9128,56.44,50,15,5.88,RU,1663051790
584,Haapiti,-17.5667,-149.8667,77.72,74,100,19.57,PF,1663051793
585,Ixtapa,20.7,-105.2,77.23,94,100,2.82,MX,1663051795
586,Gilgit,35.9221,74.3087,80.71,35,13,3.2,PK,1663051797
587,San Cristobal,7.7669,-72.225,64.67,98,100,1.79,VE,1663051800
588,Daru,-9.0763,143.2092,80.69,85,20,15.08,PG,1663051802
589,Saint-Paul,-21.0096,55.2707,77.11,60,79,5.64,RE,1663051227
590,Mehamn,71.0357,27.8492,40.95,81,75,12.66,NO,1663051807
591,Faya,18.3851,42.4509,77.52,18,73,9.53,SA,1663051809
592,Atambua,-9.1061,124.8925,84.36,52,19,0.63,ID,1663051812
593,Watrous,51.6668,-105.4679,42.58,70,100,5.75,CA,1663051814
594,ahumada,,,,,,,,
595,Lucapa,-8.4192,20.7447,80.35,51,40,3.67,AO,1663051817
